step	loss
0	0.3244140148162842
1	0.17077170312404633
2	0.19050954282283783
3	0.11362438648939133
4	0.10755294561386108
5	0.10490971058607101
6	0.07068164646625519
7	0.06538539379835129
8	0.07615161687135696
9	0.07683740556240082
