{
    "dice_mean": 0.8303935091277891,
    "jacc_mean": 0.7099768303342259,
    "acc_mean": 0.973294005102041
}