{
    "train": {
        "loss": 0.1335165947675705
    },
    "eval": {
        "loss": 0.07683740556240082
    },
    "dice": 0.7110038184908029,
    "jaccard_coeff": 0.5515949765330858,
    "step": 9
}
